Channel Id,Channel Url,Channel Title
UC-59uyQUy8SeGlCN1fiDweQ,http://www.youtube.com/channel/UC-59uyQUy8SeGlCN1fiDweQ,Scaler School of Technology
UC-dnW-VyzuXO-aiz3FEhlTA,http://www.youtube.com/channel/UC-dnW-VyzuXO-aiz3FEhlTA,FrugalRepair
UC-rhOR7nrm28cYdqabLwtrQ,http://www.youtube.com/channel/UC-rhOR7nrm28cYdqabLwtrQ,Khulaasa Central
UC01zgjN-4E8lJBxiDtZlyuQ,http://www.youtube.com/channel/UC01zgjN-4E8lJBxiDtZlyuQ,Think RedPill
UC0C-w0YjGpqDXGB8IHb662A,http://www.youtube.com/channel/UC0C-w0YjGpqDXGB8IHb662A,Ed Sheeran
UC0HUObs4U2xuyUQK50PLX9Q,http://www.youtube.com/channel/UC0HUObs4U2xuyUQK50PLX9Q,Pawan Please
UC0rpxsHBn1j3kBTtKJ_wQjQ,http://www.youtube.com/channel/UC0rpxsHBn1j3kBTtKJ_wQjQ,Hustle With Harman
UC1-ZdFLBukC6fTZ8QRWvpDw,http://www.youtube.com/channel/UC1-ZdFLBukC6fTZ8QRWvpDw,Sachin Rana [IITB]
UC14aFPpH4jF3FfRQZojCfeg,http://www.youtube.com/channel/UC14aFPpH4jF3FfRQZojCfeg,Words of Wisdom
UC1SxSlZpRMU8-XztiAw4woA,http://www.youtube.com/channel/UC1SxSlZpRMU8-XztiAw4woA,Kealan
UC1VLQPn9cYSqx8plbk9RxxQ,http://www.youtube.com/channel/UC1VLQPn9cYSqx8plbk9RxxQ,The Action Lab
UC1_3-ey7ayD_olcf1H5Lv6w,http://www.youtube.com/channel/UC1_3-ey7ayD_olcf1H5Lv6w,ARJUNA
UC1gUkqb3oV__jVRY53lpZrg,http://www.youtube.com/channel/UC1gUkqb3oV__jVRY53lpZrg,creative explained
UC1yobWoSKkymB8fEIRxLP6Q,http://www.youtube.com/channel/UC1yobWoSKkymB8fEIRxLP6Q,Sarabjeet Sachar
UC2FZQeaJkpnO6IMkQglvPsg,http://www.youtube.com/channel/UC2FZQeaJkpnO6IMkQglvPsg,Mat Armstrong MK2
UC2M4EMsIRCDJ5W9IFQAgg0w,http://www.youtube.com/channel/UC2M4EMsIRCDJ5W9IFQAgg0w,SUBs TECH
UC2R0nGlj407CXb6nQYyDfRw,http://www.youtube.com/channel/UC2R0nGlj407CXb6nQYyDfRw,Rankers- JEE
UC2fTS62iiXDOgHXrha7PG-g,http://www.youtube.com/channel/UC2fTS62iiXDOgHXrha7PG-g,ClassicSuperhit Music 
UC3HxtFu5c9dGItSCzA58gBA,http://www.youtube.com/channel/UC3HxtFu5c9dGItSCzA58gBA,"Prashant Jain [IIT B, AIR 42]"
UC4RyHD3lkD1QxU1wST6oQUA,http://www.youtube.com/channel/UC4RyHD3lkD1QxU1wST6oQUA,oyeeditorranna
UC4gEs2SNPr8GBNcdbQGnLjg,http://www.youtube.com/channel/UC4gEs2SNPr8GBNcdbQGnLjg,MDrepairs
UC5LPsrt_LivE-0SWmJfg-hw,http://www.youtube.com/channel/UC5LPsrt_LivE-0SWmJfg-hw,Ritik Meghwani
UC6107grRI4m0o2-emgoDnAA,http://www.youtube.com/channel/UC6107grRI4m0o2-emgoDnAA,SmarterEveryDay
UC6R7sKnQ6YbY0JfX8-3vMig,http://www.youtube.com/channel/UC6R7sKnQ6YbY0JfX8-3vMig,Andy Didorosi
UC7D-mbJkurH4S30Wcn_EDMQ,http://www.youtube.com/channel/UC7D-mbJkurH4S30Wcn_EDMQ,OUTRUN
UC8VMUDPMiLd5TViGdjRXlIA,http://www.youtube.com/channel/UC8VMUDPMiLd5TViGdjRXlIA,Doon Winner Academy
UC8Vo2V4injthlZARtI_H_kg,http://www.youtube.com/channel/UC8Vo2V4injthlZARtI_H_kg,Business Rewind
UC8ha6SsRNvDGkwcPTCXkW3g,http://www.youtube.com/channel/UC8ha6SsRNvDGkwcPTCXkW3g,BamaBass
UC8llCGsbSJgtTHHeHK5kH5A,http://www.youtube.com/channel/UC8llCGsbSJgtTHHeHK5kH5A,Vedantu NCERT Solutions 11 & 12
UC9Wn7-29OiQ5XSAbl6fZKPw,http://www.youtube.com/channel/UC9Wn7-29OiQ5XSAbl6fZKPw,Pramod Maheshwari 
UC9x0AN7BWHpCDHSm9NiJFJQ,http://www.youtube.com/channel/UC9x0AN7BWHpCDHSm9NiJFJQ,NetworkChuck
UC9xXDSEwLeBmT3B9ihxnoeg,http://www.youtube.com/channel/UC9xXDSEwLeBmT3B9ihxnoeg,jc
UCA19mAJURyYHbJzhfpqhpCA,http://www.youtube.com/channel/UCA19mAJURyYHbJzhfpqhpCA,Action Lab Shorts
UCA2utdbkuY6PfX0Exi2Y16w,http://www.youtube.com/channel/UCA2utdbkuY6PfX0Exi2Y16w,Gagan Choudhary
UCARDV9crthkczbxtTyHOnZA,http://www.youtube.com/channel/UCARDV9crthkczbxtTyHOnZA,Ville Media Studio
UCAWhVXnAGVW5fr1H5A2ZcPg,http://www.youtube.com/channel/UCAWhVXnAGVW5fr1H5A2ZcPg,Tommy DeWitt
UCAflTQOHfpuX3tEvN5mkLTg,http://www.youtube.com/channel/UCAflTQOHfpuX3tEvN5mkLTg,evo India
UCAq2Z4TZe4IksC_r2bWiiww,http://www.youtube.com/channel/UCAq2Z4TZe4IksC_r2bWiiww,PHYSICS BUDDY
UCB3-py860zX_nHCfnwE0GrA,http://www.youtube.com/channel/UCB3-py860zX_nHCfnwE0GrA,Max Reisinger
UCBko7lC2rX9nUpO_9OM6Q0w,http://www.youtube.com/channel/UCBko7lC2rX9nUpO_9OM6Q0w,Felix Sensei
UCBqFKDipsnzvJdt6UT0lMIg,http://www.youtube.com/channel/UCBqFKDipsnzvJdt6UT0lMIg,Sandeep Maheshwari
UCBv0cuujMcGgrgkoCpH7azw,http://www.youtube.com/channel/UCBv0cuujMcGgrgkoCpH7azw,Kailash Kher
UCBwmMxybNva6P_5VmxjzwqA,http://www.youtube.com/channel/UCBwmMxybNva6P_5VmxjzwqA,Apna College
UCC10fWvpMtG0TxkYp6h1adQ,http://www.youtube.com/channel/UCC10fWvpMtG0TxkYp6h1adQ,One Two Records
UCC6AsKBt5QL7W3VIb6693Dw,http://www.youtube.com/channel/UCC6AsKBt5QL7W3VIb6693Dw,Prerak Kataria
UCClfFsWcT3N2I7VTXXyt84A,http://www.youtube.com/channel/UCClfFsWcT3N2I7VTXXyt84A,Salem Techsperts
UCD82ApkCrPC0IR8EkeJMLiA,http://www.youtube.com/channel/UCD82ApkCrPC0IR8EkeJMLiA,Mohan
UCDf4TA5HbAILMHqT8SsJvWA,http://www.youtube.com/channel/UCDf4TA5HbAILMHqT8SsJvWA,G bHP
UCEFLLSmyV7Ys0FnXh412YCw,http://www.youtube.com/channel/UCEFLLSmyV7Ys0FnXh412YCw,GM Tech
UCEPaZPmT-T9dZ-f4GUdNmQw,http://www.youtube.com/channel/UCEPaZPmT-T9dZ-f4GUdNmQw,Historia
UCERm5yFZ1SptUEU4wZ2vJvw,http://www.youtube.com/channel/UCERm5yFZ1SptUEU4wZ2vJvw,Jeremy Ethier
UCESYlq-O1XQGRwBjOyHU5NA,http://www.youtube.com/channel/UCESYlq-O1XQGRwBjOyHU5NA,Keep Everything Yours
UCETdq2SP0JL7T7enTAk76XQ,http://www.youtube.com/channel/UCETdq2SP0JL7T7enTAk76XQ,Dikshant
UCEWpbFLzoYGPfuWUMFPSaoA,http://www.youtube.com/channel/UCEWpbFLzoYGPfuWUMFPSaoA,The Organic Chemistry Tutor
UCEdvpU2pFRCVqU6yIPyTpMQ,http://www.youtube.com/channel/UCEdvpU2pFRCVqU6yIPyTpMQ,Marshmello
UCEw_m62MPKs-ltrMcg34oaw,http://www.youtube.com/channel/UCEw_m62MPKs-ltrMcg34oaw,carversal
UCExYsiiDrrCoE1LmFmKFj-A,http://www.youtube.com/channel/UCExYsiiDrrCoE1LmFmKFj-A,Esl US
UCF3HC9AaHNwqpBOiFS-bpow,http://www.youtube.com/channel/UCF3HC9AaHNwqpBOiFS-bpow,Aaditya Kulshreshth aka Kullu
UCF7BExjT2zH_mmyqOB139Dg,http://www.youtube.com/channel/UCF7BExjT2zH_mmyqOB139Dg,Apni Kaksha Official
UCFkkZvH6LXCbfVpATopERYQ,http://www.youtube.com/channel/UCFkkZvH6LXCbfVpATopERYQ,Unacademy
UCG5KB3yJEvWS9tal134vPQg,http://www.youtube.com/channel/UCG5KB3yJEvWS9tal134vPQg,Nutshell
UCG9Yaf1rJ6RIr6Svs8LnO9A,http://www.youtube.com/channel/UCG9Yaf1rJ6RIr6Svs8LnO9A,Howisthis Channel
UCGTKwjs1ctvgwCRa67RNO-Q,http://www.youtube.com/channel/UCGTKwjs1ctvgwCRa67RNO-Q,HeavyDSparks
UCGeGhS_akOxBWQcSmje6B-w,http://www.youtube.com/channel/UCGeGhS_akOxBWQcSmje6B-w,Tanya Khanijow
UCGl7qkMPao3EBkxIDlPal4g,http://www.youtube.com/channel/UCGl7qkMPao3EBkxIDlPal4g,Puzzle guy
UCGyr1eb-ocoM42z-vmdYgTQ,http://www.youtube.com/channel/UCGyr1eb-ocoM42z-vmdYgTQ,Matchfit Soccer
UCH12e_SjWacDQRJh6UZET_g,http://www.youtube.com/channel/UCH12e_SjWacDQRJh6UZET_g,Picture Factory
UCHOKvQW2N4kLVhKYn2bvF7A,http://www.youtube.com/channel/UCHOKvQW2N4kLVhKYn2bvF7A,Prakhar Gupta (Prakhar ke Pravachan)
UCHP_xGE4P6bVtu2nD82TKJw,http://www.youtube.com/channel/UCHP_xGE4P6bVtu2nD82TKJw,Carter Chat
UCHnyfMqiRRG1u-2MsSQLbXA,http://www.youtube.com/channel/UCHnyfMqiRRG1u-2MsSQLbXA,Veritasium
UCIBwX0d4qyhoSJ2dl8NVczA,http://www.youtube.com/channel/UCIBwX0d4qyhoSJ2dl8NVczA,Smartness
UCIWlOZFsnlvWRbjv-8PX3zg,http://www.youtube.com/channel/UCIWlOZFsnlvWRbjv-8PX3zg,Shrey Bakhai
UCImCFKA6TY3q683EfpaRszg,http://www.youtube.com/channel/UCImCFKA6TY3q683EfpaRszg,Namo Kaul
UCJ0-OtVpF0wOKEqT2Z1HEtA,http://www.youtube.com/channel/UCJ0-OtVpF0wOKEqT2Z1HEtA,ElectroBOOM
UCJ24N4O0bP7LGLBDvye7oCA,http://www.youtube.com/channel/UCJ24N4O0bP7LGLBDvye7oCA,Matt D'Avella
UCJxHxs-4-O7qmlWgBn8pvsQ,http://www.youtube.com/channel/UCJxHxs-4-O7qmlWgBn8pvsQ,Sri Sathya Sai Official
UCKJD3qafeqtaLIeReowrTnw,http://www.youtube.com/channel/UCKJD3qafeqtaLIeReowrTnw,DJ MRA
UCKZozRVHRYsYHGEyNKuhhdA,http://www.youtube.com/channel/UCKZozRVHRYsYHGEyNKuhhdA,Think School
UCKjuxegGqPQZw5Vz8edwCFw,http://www.youtube.com/channel/UCKjuxegGqPQZw5Vz8edwCFw,Lokdhun
UCKpOLLuCpXLt8rv1Bd3awrg,http://www.youtube.com/channel/UCKpOLLuCpXLt8rv1Bd3awrg,gaurav talwar
UCKq3tXnvXnA0feJYmOx9MPw,http://www.youtube.com/channel/UCKq3tXnvXnA0feJYmOx9MPw,The Wildlife Homestead
UCKtpwNJatpLeJTGCJbw4aXg,http://www.youtube.com/channel/UCKtpwNJatpLeJTGCJbw4aXg,MtnFortressLabs
UCL2n1iNbGv2DioRdL6R8JPw,http://www.youtube.com/channel/UCL2n1iNbGv2DioRdL6R8JPw,Kalpit Veerwal
UCL6JmiMXKoXS6bpP1D3bk8g,http://www.youtube.com/channel/UCL6JmiMXKoXS6bpP1D3bk8g,Donut
UCLXV9vzJwgYOyGaZlD89VfA,http://www.youtube.com/channel/UCLXV9vzJwgYOyGaZlD89VfA,DEBOSS GARAGE
UCM2ra7Od2jliHB9TLPKt76w,http://www.youtube.com/channel/UCM2ra7Od2jliHB9TLPKt76w,MovementbyDavid
UCMKjS5iSzK9UVaJfOnLQtyQ,http://www.youtube.com/channel/UCMKjS5iSzK9UVaJfOnLQtyQ,Shobhit Nirwan & Alakh Sir Motivation
UCMOqf8ab-42UUQIdVoKwjlQ,http://www.youtube.com/channel/UCMOqf8ab-42UUQIdVoKwjlQ,Practical Engineering
UCMhRbMzPqr_vca_bISQyvsA,http://www.youtube.com/channel/UCMhRbMzPqr_vca_bISQyvsA,Chetan Bhagat
UCMiJRAwDNSNzuYeN2uWa0pA,http://www.youtube.com/channel/UCMiJRAwDNSNzuYeN2uWa0pA,Mrwhosetheboss
UCMrvLMUITAImCHMOhX88PYQ,http://www.youtube.com/channel/UCMrvLMUITAImCHMOhX88PYQ,PiXimperfect
UCMwXzQYeZJ7ml7kQObcvXjA,http://www.youtube.com/channel/UCMwXzQYeZJ7ml7kQObcvXjA,Prateek Kuhad
UCN5iWi2CQVOiZogkHesGI5w,http://www.youtube.com/channel/UCN5iWi2CQVOiZogkHesGI5w,The Alpha Singh
UCN9qzrsT8gYS2I3tbYVKfcA,http://www.youtube.com/channel/UCN9qzrsT8gYS2I3tbYVKfcA,Tharun Speaks
UCNLRcEn78Vc62C3GkMvBgtA,http://www.youtube.com/channel/UCNLRcEn78Vc62C3GkMvBgtA,saveitforparts
UCONLvFxWJAiCqM-GtY586bA,http://www.youtube.com/channel/UCONLvFxWJAiCqM-GtY586bA,Mohana Geetham Arts
UCP4k407eomZThGHo_9sgMkg,http://www.youtube.com/channel/UCP4k407eomZThGHo_9sgMkg,Dr Pal
UCP7WmQ_U4GB3K51Od9QvM0w,http://www.youtube.com/channel/UCP7WmQ_U4GB3K51Od9QvM0w,David Bombal
UCPF4bAZimS4T8w1TlbeIAYg,http://www.youtube.com/channel/UCPF4bAZimS4T8w1TlbeIAYg,Faisal Khan
UCPfjB94mhe8Gsnd9qIzUKHA,http://www.youtube.com/channel/UCPfjB94mhe8Gsnd9qIzUKHA,Jameskii
UCPmXPm5wT_01R86jWTV_09A,http://www.youtube.com/channel/UCPmXPm5wT_01R86jWTV_09A,Hunter Goodrich
UCPvRdfUooqCf0zPOYvbBzVA,http://www.youtube.com/channel/UCPvRdfUooqCf0zPOYvbBzVA,mryeester
UCPxMZIFE856tbTfdkdjzTSQ,http://www.youtube.com/channel/UCPxMZIFE856tbTfdkdjzTSQ,BeerBiceps
UCR9pMIBZG-hXi2NlADAzuSQ,http://www.youtube.com/channel/UCR9pMIBZG-hXi2NlADAzuSQ,Tesher
UCRIJau4vEcTTay9cHw22-6A,http://www.youtube.com/channel/UCRIJau4vEcTTay9cHw22-6A,Iman Gadzhi Mindset
UCSCrbvD1GybJW3m3Fj_GkjA,http://www.youtube.com/channel/UCSCrbvD1GybJW3m3Fj_GkjA,Aman Dhattarwal Talks
UCST7O07V0HwBkK_wCB6EB5g,http://www.youtube.com/channel/UCST7O07V0HwBkK_wCB6EB5g,H C VERMA
UCTUWYAesloXa68_QgmDhV-A,http://www.youtube.com/channel/UCTUWYAesloXa68_QgmDhV-A,Trigunaditya Panda
UCTjFxEdR5h_YSC1R0HWHPaw,http://www.youtube.com/channel/UCTjFxEdR5h_YSC1R0HWHPaw,Hustle With Yash
UCTkhZGtANjMzXpgDUE7HLUA,http://www.youtube.com/channel/UCTkhZGtANjMzXpgDUE7HLUA,Ryan Kennedy
UCU5eV0c0SE0TMXrV8P94jAQ,http://www.youtube.com/channel/UCU5eV0c0SE0TMXrV8P94jAQ,Learn with Jaspal
UCUDhXgIN3H7vZh8NmIk8EEw,http://www.youtube.com/channel/UCUDhXgIN3H7vZh8NmIk8EEw,SAURABH THAKUR
UCUK0HBIBWgM2c4vsPhkYY4w,http://www.youtube.com/channel/UCUK0HBIBWgM2c4vsPhkYY4w,The Slow Mo Guys
UCUK8HXeI3WqXczgMkT5XUWQ,http://www.youtube.com/channel/UCUK8HXeI3WqXczgMkT5XUWQ,Nishant Tanwar
UCUKTrXf8KdGIVXudO3dqOWw,http://www.youtube.com/channel/UCUKTrXf8KdGIVXudO3dqOWw,BEwithSADHGURU
UCUYSmb7usa2NniddWw4p9sg,http://www.youtube.com/channel/UCUYSmb7usa2NniddWw4p9sg,Aashish Chandratreya
UCUhFaUpnq31m6TNX2VKVSVA,http://www.youtube.com/channel/UCUhFaUpnq31m6TNX2VKVSVA,carwow
UCUokE05dsixxBgwxMCzr6Hw,http://www.youtube.com/channel/UCUokE05dsixxBgwxMCzr6Hw,Tarish Music
UCUujfNBK9uv3cIW-P5PX7vA,http://www.youtube.com/channel/UCUujfNBK9uv3cIW-P5PX7vA,Andrew Camarata
UCUyCXhx6I_VzXDUA8rklhQQ,http://www.youtube.com/channel/UCUyCXhx6I_VzXDUA8rklhQQ,Emir Tarık Ateş
UCV-l3a6kn4443HWJxPv4pVQ,http://www.youtube.com/channel/UCV-l3a6kn4443HWJxPv4pVQ,AT Azaad
UCV0qA-eDDICsRR9rPcnG7tw,http://www.youtube.com/channel/UCV0qA-eDDICsRR9rPcnG7tw,Joma Tech
UCVOTBwF0vnSxMRIbfSE_K_g,http://www.youtube.com/channel/UCVOTBwF0vnSxMRIbfSE_K_g,Labour Law Advisor
UCVl8DzZyGPcSM4dsF37oPgA,http://www.youtube.com/channel/UCVl8DzZyGPcSM4dsF37oPgA,Faisal Khan Vlogs
UCVraU9wuIQr8H1B0kcUD7Tw,http://www.youtube.com/channel/UCVraU9wuIQr8H1B0kcUD7Tw,Sumsub
UCVsW2giy-FsMq555pAyDCpQ,http://www.youtube.com/channel/UCVsW2giy-FsMq555pAyDCpQ,Manvendra Chauhan
UCXCwVGS0R2aypMWDEzn1FyA,http://www.youtube.com/channel/UCXCwVGS0R2aypMWDEzn1FyA,Sean Aslam
UCXXF2fkR1uVM-Ky3C4lPAiQ,http://www.youtube.com/channel/UCXXF2fkR1uVM-Ky3C4lPAiQ,BAD EGGS
UCXmAKxh_qFL5703W9VPgpnA,http://www.youtube.com/channel/UCXmAKxh_qFL5703W9VPgpnA,Foodpharmer
UCXuqSBlHAE6Xw-yeJA0Tunw,http://www.youtube.com/channel/UCXuqSBlHAE6Xw-yeJA0Tunw,Linus Tech Tips
UCY6N8zZhs2V7gNTUxPuKWoQ,http://www.youtube.com/channel/UCY6N8zZhs2V7gNTUxPuKWoQ,Ishan Sharma
UCYUPLUCkMiUgiyVuluCc7tQ,http://www.youtube.com/channel/UCYUPLUCkMiUgiyVuluCc7tQ,Technology for Teachers and Students
UCYi3kh9v8GLEJHpzF6Vsh_Q,http://www.youtube.com/channel/UCYi3kh9v8GLEJHpzF6Vsh_Q,Apni Kaksha JEE (AARAMBH) 
UCZwZrym87YpirLIFBzTnWQA,http://www.youtube.com/channel/UCZwZrym87YpirLIFBzTnWQA,101 India
UC_Ib8sA05YB59i5-I1djZcQ,http://www.youtube.com/channel/UC_Ib8sA05YB59i5-I1djZcQ,Shreyas Puranik
UC_NGoezF2f_GK3wU2CaquHg,http://www.youtube.com/channel/UC_NGoezF2f_GK3wU2CaquHg,Religious India
UC_qzS711YkyontMFELRvEEQ,http://www.youtube.com/channel/UC_qzS711YkyontMFELRvEEQ,TheAutomobilezone
UCaDjdSo6sA2DOnrBMkayBLg,http://www.youtube.com/channel/UCaDjdSo6sA2DOnrBMkayBLg,Crajee
UCafUh796DToiY2U3s7X_WTw,http://www.youtube.com/channel/UCafUh796DToiY2U3s7X_WTw,Anuv Jain
UCb8vrqP8Z7Oz9ZTYvUtjUHQ,http://www.youtube.com/channel/UCb8vrqP8Z7Oz9ZTYvUtjUHQ,Daniel LaBelle
UCbIsA2MBn7fUaKteAvBaDVg,http://www.youtube.com/channel/UCbIsA2MBn7fUaKteAvBaDVg,Patrick Joseph
UCbT_7qRIrw8TMH8ovjTYBJQ,http://www.youtube.com/channel/UCbT_7qRIrw8TMH8ovjTYBJQ,TRS Clips
UCbV60AGIHKz2xIGvbk0LLvg,http://www.youtube.com/channel/UCbV60AGIHKz2xIGvbk0LLvg,Jay Shetty
UCc3b8uaQNySMagDbHsm52Tg,http://www.youtube.com/channel/UCc3b8uaQNySMagDbHsm52Tg,Aashqeen
UCcLYOTz3ct6_lk9iLToxxAw,http://www.youtube.com/channel/UCcLYOTz3ct6_lk9iLToxxAw,Mat Armstrong
UCcYzLCs3zrQIBVHYA1sK2sw,http://www.youtube.com/channel/UCcYzLCs3zrQIBVHYA1sK2sw,Sadhguru
UCck8RejS9Ug2fbTYcGVBwjA,http://www.youtube.com/channel/UCck8RejS9Ug2fbTYcGVBwjA,Etoos Education
UCcqJm1PGlepUd68MQUIfgeg,http://www.youtube.com/channel/UCcqJm1PGlepUd68MQUIfgeg,MISSION IIT
UCdhDOlwIuY0yR-KxlblnsxQ,http://www.youtube.com/channel/UCdhDOlwIuY0yR-KxlblnsxQ,Robonyx
UCdp6GUwjKscp5ST4M4WgIpw,http://www.youtube.com/channel/UCdp6GUwjKscp5ST4M4WgIpw,TechWiser
UCdqp0KK_Io7TwK5cJMBvB0Q,http://www.youtube.com/channel/UCdqp0KK_Io7TwK5cJMBvB0Q,WhistlinDiesel
UCe3POi_PuUA9VSG9qRFRucQ,http://www.youtube.com/channel/UCe3POi_PuUA9VSG9qRFRucQ,Ankit Arora
UCe9PkNnkHNHGmaml-agcOqQ,http://www.youtube.com/channel/UCe9PkNnkHNHGmaml-agcOqQ,Gourav Bahl
UCeOrhhGAIu6IvNv8_WWMqHA,http://www.youtube.com/channel/UCeOrhhGAIu6IvNv8_WWMqHA,What The Fukrey
UCeVMnSShP_Iviwkknt83cww,http://www.youtube.com/channel/UCeVMnSShP_Iviwkknt83cww,CodeWithHarry
UCe_PCAZ_-FXxYoK8hfdXQ1w,http://www.youtube.com/channel/UCe_PCAZ_-FXxYoK8hfdXQ1w,DIY GANG
UCes1EvRjcKU4sY_UEavndBw,http://www.youtube.com/channel/UCes1EvRjcKU4sY_UEavndBw,ChrisFix
UCfAd3c682ejJ6Lubk8Aesfw,http://www.youtube.com/channel/UCfAd3c682ejJ6Lubk8Aesfw,Grow with Bhushan
UCfVPVbh4B9wYwkSRsz8Er4g,http://www.youtube.com/channel/UCfVPVbh4B9wYwkSRsz8Er4g,Josh Sanderson
UCfhbydY40P2Lli9HuBz8cdA,http://www.youtube.com/channel/UCfhbydY40P2Lli9HuBz8cdA,SeeKen
UCfzPDbcPvAB3ML3b8RjrQOQ,http://www.youtube.com/channel/UCfzPDbcPvAB3ML3b8RjrQOQ,Sagar Das
UCg8LTugCdsOLuwtd9n0d8kA,http://www.youtube.com/channel/UCg8LTugCdsOLuwtd9n0d8kA,Rowan Row
UCgXP0Rw9x7GJDIrhwZNhQUQ,http://www.youtube.com/channel/UCgXP0Rw9x7GJDIrhwZNhQUQ,Mithoon
UCgz03WhmWF3otcwXd38bQ9g,http://www.youtube.com/channel/UCgz03WhmWF3otcwXd38bQ9g,Ayan Pahwa
UCh8f8vssLddD2PbnU3Ag_Bw,http://www.youtube.com/channel/UCh8f8vssLddD2PbnU3Ag_Bw,Cleetus McFarland
UChHxJaKDqH4bOs0pX3hkKnA,http://www.youtube.com/channel/UChHxJaKDqH4bOs0pX3hkKnA,Basically Homeless
UChrCgXmIW1toX2B7viP6S7Q,http://www.youtube.com/channel/UChrCgXmIW1toX2B7viP6S7Q,Nikodem Bartnik
UChwQtqHa6ecwtW6kxaPq-bA,http://www.youtube.com/channel/UChwQtqHa6ecwtW6kxaPq-bA,Digital Indian
UCi7fAzxtd4dA_61EnigvgWA,http://www.youtube.com/channel/UCi7fAzxtd4dA_61EnigvgWA,Ipsita Das
UCiEHVhv0SBMpP75JbzJShqw,http://www.youtube.com/channel/UCiEHVhv0SBMpP75JbzJShqw,Lectures by Walter Lewin. They will make you ♥ Physics.
UCiTgRcnZs--vFScAQtRH5QA,http://www.youtube.com/channel/UCiTgRcnZs--vFScAQtRH5QA,Fads
UCiVRVcAmbw9vC78KeuomTPw,http://www.youtube.com/channel/UCiVRVcAmbw9vC78KeuomTPw,Jack Schneider
UCiuvIXoJsLBVgkhDA8gTuJg,http://www.youtube.com/channel/UCiuvIXoJsLBVgkhDA8gTuJg,Engineering Gone Wild
UCjWs7BxyjO5SLqevxSmp4vQ,http://www.youtube.com/channel/UCjWs7BxyjO5SLqevxSmp4vQ,Autocar India
UCjaeV7cD0tEkM7iTDIAo-GQ,http://www.youtube.com/channel/UCjaeV7cD0tEkM7iTDIAo-GQ,Karanvir Singh Nayyar
UCjhVeNhDtZZxuib-YJVKP_g,http://www.youtube.com/channel/UCjhVeNhDtZZxuib-YJVKP_g,CHEMISTRY BUDDY
UCk0fGHsCEzGig-rSzkfCjMw,http://www.youtube.com/channel/UCk0fGHsCEzGig-rSzkfCjMw,The Engineering Mindset
UCkKh0mX-A5uTbk60YutGFxg,http://www.youtube.com/channel/UCkKh0mX-A5uTbk60YutGFxg,Kishan Chotaliya
UCkS7Vxu4PjM99w0Is6idjcg,http://www.youtube.com/channel/UCkS7Vxu4PjM99w0Is6idjcg,Zakir Khan
UCkcqmxjMXaBb0kDWqqSEU1g,http://www.youtube.com/channel/UCkcqmxjMXaBb0kDWqqSEU1g,Sahil & Sarra
UCkjrBN_GAjFJyVvjcI07KkQ,http://www.youtube.com/channel/UCkjrBN_GAjFJyVvjcI07KkQ,Natalie Lynn
UCkvaRO6v9gjZfIo8ulp6cBQ,http://www.youtube.com/channel/UCkvaRO6v9gjZfIo8ulp6cBQ,The Arun Pandit Show Podcast - Clips
UCl98ND-IkpQAn0oaPf5tOzg,http://www.youtube.com/channel/UCl98ND-IkpQAn0oaPf5tOzg,Anurag Abhishek
UClCymj6mTmVzSsaK_9dwQWw,http://www.youtube.com/channel/UClCymj6mTmVzSsaK_9dwQWw,Thomas Burns
UClpC0UP4g8crfHrotjUTAuA,http://www.youtube.com/channel/UClpC0UP4g8crfHrotjUTAuA,Bollywood Slowed & Reverb LOFI
UClqhvGmHcvWL9w3R48t9QXQ,http://www.youtube.com/channel/UClqhvGmHcvWL9w3R48t9QXQ,Engineering Explained
UClsFdM0HzTdF1JYoraQ0aUw,http://www.youtube.com/channel/UClsFdM0HzTdF1JYoraQ0aUw,Brick Experiment Channel
UCmLGJ3VYBcfRaWbP6JLJcpA,http://www.youtube.com/channel/UCmLGJ3VYBcfRaWbP6JLJcpA,Seattle Data Guy
UCmXZxX_qexEZxhb5_vQKPCw,http://www.youtube.com/channel/UCmXZxX_qexEZxhb5_vQKPCw,Aman Dhattarwal
UCnM3NzYgHdzlML1K2l-AdRQ,http://www.youtube.com/channel/UCnM3NzYgHdzlML1K2l-AdRQ,The Grand House
UCnYiTCfI0KIKRv6nxj99Ehg,http://www.youtube.com/channel/UCnYiTCfI0KIKRv6nxj99Ehg,Best Of TRS हिंदी | Hindi
UCnZIwOrjzsyi2qO2LV0Ve7w,http://www.youtube.com/channel/UCnZIwOrjzsyi2qO2LV0Ve7w,Khudgharz
UCnZeeKO8qVdtkrA4-uKhtTw,http://www.youtube.com/channel/UCnZeeKO8qVdtkrA4-uKhtTw,Animagraffs
UCneQdPbDLwZ__ZXP0YVwiag,http://www.youtube.com/channel/UCneQdPbDLwZ__ZXP0YVwiag,Honestly by Tanmay Bhat
UCneyi-aYq4VIBYIAQgWmk_w,http://www.youtube.com/channel/UCneyi-aYq4VIBYIAQgWmk_w,Ranveer Allahbadia
UCnpekFV93kB1O0rVqEKSumg,http://www.youtube.com/channel/UCnpekFV93kB1O0rVqEKSumg,Backstage with Millionaires
UCnz6298OsC9y8wuIMtNUkVw,http://www.youtube.com/channel/UCnz6298OsC9y8wuIMtNUkVw,TodayMachine
UCo5DLltLZGE5NbkEbu_sgBg,http://www.youtube.com/channel/UCo5DLltLZGE5NbkEbu_sgBg,Captain Cuber
UCoEMagRUvrXELuJZwS4DevA,http://www.youtube.com/channel/UCoEMagRUvrXELuJZwS4DevA,Elevate Yourself
UCpS5qAjSL09muDtF6fZbTkg,http://www.youtube.com/channel/UCpS5qAjSL09muDtF6fZbTkg,Lakshya Batch Wallah
UCphwJynbSnC0XPY7Vh6qFbQ,http://www.youtube.com/channel/UCphwJynbSnC0XPY7Vh6qFbQ,Overpowered 
UCpjjSvxSB7Z2NRwMpnMfpWw,http://www.youtube.com/channel/UCpjjSvxSB7Z2NRwMpnMfpWw,Virtual Sypac
UCplqZF_Lb77bi3eUsczSV1A,http://www.youtube.com/channel/UCplqZF_Lb77bi3eUsczSV1A,Alan's Theory
UCptc7b3jk_PtbpLLeZojRZA,http://www.youtube.com/channel/UCptc7b3jk_PtbpLLeZojRZA,Harnoor Singh
UCq7-Jdgw4NxokAuKjfoGdPg,http://www.youtube.com/channel/UCq7-Jdgw4NxokAuKjfoGdPg,TheDanocracy
UCq8E4b6su6DdP7oNdwaWNlg,http://www.youtube.com/channel/UCq8E4b6su6DdP7oNdwaWNlg,Ali Sethi
UCqEFG4t4-mHL_F38PB4vbJw,http://www.youtube.com/channel/UCqEFG4t4-mHL_F38PB4vbJw,MARKS - IIT JEE & NEET Prep App
UCqGONXW1ORgz5Y4qK-0JdkQ,http://www.youtube.com/channel/UCqGONXW1ORgz5Y4qK-0JdkQ,Joe Grand
UCqZQJ4600a9wIfMPbYc60OQ,http://www.youtube.com/channel/UCqZQJ4600a9wIfMPbYc60OQ,Sabin Civil Engineering
UCqyBfm_H9ugGirk1ufYA2YA,http://www.youtube.com/channel/UCqyBfm_H9ugGirk1ufYA2YA,Learnit Training
UCqzQ51ZqgxPvIGGAVUdcuVA,http://www.youtube.com/channel/UCqzQ51ZqgxPvIGGAVUdcuVA,Tanishk Bagchi - Topic
UCrKeyTdKRBQaj-iafsnMZZw,http://www.youtube.com/channel/UCrKeyTdKRBQaj-iafsnMZZw,Dhanraj Singh 
UCrOk7JYETZS_1tJDK52ULNw,http://www.youtube.com/channel/UCrOk7JYETZS_1tJDK52ULNw,Kalpit Veerwal 2.0
UCrkjLAbLTOdwOB-jmOQFtWA,http://www.youtube.com/channel/UCrkjLAbLTOdwOB-jmOQFtWA,Pros DIY
UCrmQI3IvSw7GeiXlAJDngzg,http://www.youtube.com/channel/UCrmQI3IvSw7GeiXlAJDngzg,NateMakes
UCrmsp2voP5agAXWHvEPvxsg,http://www.youtube.com/channel/UCrmsp2voP5agAXWHvEPvxsg,Neeraj Walia
UCrzsbcwbAhyxizIs2szrQRA,http://www.youtube.com/channel/UCrzsbcwbAhyxizIs2szrQRA,Edward Smith
UCsDTy8jvHcwMvSZf_JGi-FA,http://www.youtube.com/channel/UCsDTy8jvHcwMvSZf_JGi-FA,Abhi and Niyu
UCsPwNcZlxDAxtacYv-wpUvg,http://www.youtube.com/channel/UCsPwNcZlxDAxtacYv-wpUvg,Jamie's Garage
UCsQoiOrh7jzKmE8NBofhTnQ,http://www.youtube.com/channel/UCsQoiOrh7jzKmE8NBofhTnQ,Varun Mayya
UCsSdGsFs8Cby3oxiMHTCNEg,http://www.youtube.com/channel/UCsSdGsFs8Cby3oxiMHTCNEg,DD ElectroTech
UCtUId5WFnN82GdDy7DgaQ7w,http://www.youtube.com/channel/UCtUId5WFnN82GdDy7DgaQ7w,Better Ideas
UCtWBCzqucZXq0M8jsqunM0g,http://www.youtube.com/channel/UCtWBCzqucZXq0M8jsqunM0g,Alec Benjamin
UCtgvIj41pepUU9b8PwTllRQ,http://www.youtube.com/channel/UCtgvIj41pepUU9b8PwTllRQ,Scholars Academy
UCtlMdQAYN2SrmRbkRlLrPhg,http://www.youtube.com/channel/UCtlMdQAYN2SrmRbkRlLrPhg,Samarth Sasane
UCuZ4plJK1KkSqRBYps3rNww,http://www.youtube.com/channel/UCuZ4plJK1KkSqRBYps3rNww,Mr.Puzzle
UCulu1KUYJ_2OBDouc_d-cUA,http://www.youtube.com/channel/UCulu1KUYJ_2OBDouc_d-cUA,Mat Watson Cars
UCurYxozQbvKn-oNUxNJh45Q,http://www.youtube.com/channel/UCurYxozQbvKn-oNUxNJh45Q,GREAT IDEAS GREAT LIFE
UCv9iyZgSzpWjRHCRZcKmtZA,http://www.youtube.com/channel/UCv9iyZgSzpWjRHCRZcKmtZA,GOAT SHORTS
UCvE4EbqDWlOyVvw1xXWFIEA,http://www.youtube.com/channel/UCvE4EbqDWlOyVvw1xXWFIEA,Nashbience
UCvPfe8lAxwW_96LM9vdFkVQ,http://www.youtube.com/channel/UCvPfe8lAxwW_96LM9vdFkVQ,Rokas Magic
UCvSyjU3KIOwxMyc7gJ4hu-w,http://www.youtube.com/channel/UCvSyjU3KIOwxMyc7gJ4hu-w,Review Revealed
UCvvEddy49wWYsvZacaeWmpg,http://www.youtube.com/channel/UCvvEddy49wWYsvZacaeWmpg,Swadhin's Lens
UCwBbGn2gaN3psk20_kqHlhA,http://www.youtube.com/channel/UCwBbGn2gaN3psk20_kqHlhA,MATHEMATICS BUDDY
UCwVEhEzsjLym_u1he4XWFkg,http://www.youtube.com/channel/UCwVEhEzsjLym_u1he4XWFkg,Finance With Sharan
UCx1VY57UmjU76Tgq8YwkklA,http://www.youtube.com/channel/UCx1VY57UmjU76Tgq8YwkklA,Unacademy India
UCyBod0giponcZOfCdiL-inw,http://www.youtube.com/channel/UCyBod0giponcZOfCdiL-inw,Fine Tuned
UCyLj3USTiXmTvw1z4NkUIlw,http://www.youtube.com/channel/UCyLj3USTiXmTvw1z4NkUIlw,Yanchan Produced
UCyYhB1bENJloiVoK1Hod_vg,http://www.youtube.com/channel/UCyYhB1bENJloiVoK1Hod_vg,Moviebox Record Label
UCyxdH6b62AC4x-gfkSiDYyQ,http://www.youtube.com/channel/UCyxdH6b62AC4x-gfkSiDYyQ,Atharva Puranik
UCz22l7kbce-uFJAoaZqxD1A,http://www.youtube.com/channel/UCz22l7kbce-uFJAoaZqxD1A,Gaur Gopal Das
UCzB2vC0kH-PPbrGmqeII9hQ,http://www.youtube.com/channel/UCzB2vC0kH-PPbrGmqeII9hQ,Developer Rahul
UCzBvAIHPZ_Y7chhoN5ebv_A,http://www.youtube.com/channel/UCzBvAIHPZ_Y7chhoN5ebv_A,Best Of TRS | English
UCzHjRDO_8nk3sGopVkYnqlA,http://www.youtube.com/channel/UCzHjRDO_8nk3sGopVkYnqlA,WhistlinDiesel But Short
UCzdMY6Qsv9CrsNCPgtZlrIw,http://www.youtube.com/channel/UCzdMY6Qsv9CrsNCPgtZlrIw,TRS Clips हिंदी | Hindi
UCziVkZ1pVhwGKWQceXW2KPQ,http://www.youtube.com/channel/UCziVkZ1pVhwGKWQceXW2KPQ,Man From Earth
UCzwCEE_PchiBULMnAJqhGVg,http://www.youtube.com/channel/UCzwCEE_PchiBULMnAJqhGVg,Raj Shamani
